Workbook

Sheet groupe
A1: ETU00XXXX | B1: A
A2: ETU00YYYY | B2: B
A3: ETU00ZZZZ | B3: C
A4: ETU00WWWW | B4: C

Sheet liste des taches
A1: Ligne | B1: Catégorie | C1: Module | D1: Page | E1: Description tâche | F1: Type | G1: Qui | H1: Estimation | I1: Temps passé | J1: Reste à faire | K1: Avancement
A2: 1 | B2: Backoffice | C2: Gestion Login | D2: Index | E2: Création html | F2: Affichage | G2: ETU00YYYY | H2: 30 | I2: =detail_avancement!B2 | J2: =H2-I2 | K2: =(I2/(I2+J2))
A3: 2 | B3: Backoffice | C3: Gestion Login | D3: Index | E3: Design css | F3: Metier | G3: ETU00XXXX | H3: 20 | I3: =detail_avancement!B3 | J3: =H3-I3 | K3: =(I3/(I3+J3))
A4: 3 | B4: Backoffice | C4: Gestion Login | D4: Index | E4: checkLogin | F4: Integration | G4: ETU00XXXX | H4: 30 | I4: =detail_avancement!B4 | J4: =H4-I4 | K4: =(I4/(I4+J4))
A5: 4 | B5: Backoffice | C5: Gestion Categorie | D5: Categorie | E5: table login | F5: Affichage | G5: ETU00ZZZZ | H5: 10 | I5: =detail_avancement!B5 | J5: =H5-I5 | K5: =(I5/(I5+J5))
A6: 5 | B6: Backoffice | C6: Gestion Categorie | D6: Categorie | E6: données test | F6: Metier | G6: ETU00ZZZZ | H6: 50 | I6: =detail_avancement!B6 | J6: =H6-I6 | K6: =(I6/(I6+J6))
A7: 6 | B7: Backoffice | C7: Gestion Categorie | D7: Categorie | E7: Liste | F7: Integration | G7: ETU00WWWW | H7: 25 | I7: =detail_avancement!B7 | J7: =H7-I7 | K7: =(I7/(I7+J7))
A8: 7 | B8: Backoffice | C8: Gestion Categorie | D8: Categorie-add | E8: Ajout | F8: Affichage | G8: ETU00YYYY | H8: 10 | I8: =detail_avancement!B8 | J8: 0 | K8: =(I8/(I8+J8))
A9: 8 | B9: Backoffice | C9: Gestion Categorie | D9: Categorie-add | E9: Ajout | F9: Metier | G9: ETU00WWWW | H9: 5 | I9: =detail_avancement!B9 | J9: 0 | K9: =(I9/(I9+J9))
A10: 9 | B10: Backoffice | C10: Gestion Categorie | D10: Categorie-add | E10: Ajout | F10: Base | G10: ETU00WWWW | H10: 5 | I10: =detail_avancement!B10 | J10: =H10-I10 | K10: =(I10/(I10+J10))

Sheet Recap
A2: Qui | B2: SUM of Estimation | C2: SUM of Temps passé | D2: SUM of Reste à faire
A3: ETU00WWWW | B3: 35 | C3: 30 | D3: 30
A4: ETU00XXXX | B4: 50 | C4: 10 | D4: 40
A5: ETU00YYYY | B5: 40 | C5: 110 | D5: 10
A6: ETU00ZZZZ | B6: 60 | C6: 10 | D6: 50
A7: (vide)
A8: Total général | B8: 185 | C8: 160 | D8: 130
A12: Avancement | B12: =avancement!D2

Sheet avancement
A1: estimation total | B1: temps passé total | C1: reste à faire total | D1: avancement | E1: dépassement
A2: =SUM('liste des taches'!H:H) | B2: =SUM('liste des taches'!I:I) | C2: =SUM('liste des taches'!J:J) | D2: =(B2/(B2+C2)) | E2: =((B2+C2)-A2)/A2
C3: =C2/60 | D3: heure

Sheet detail_avancement
A1: Ligne | B1: Total | C1: 46048 | D1: 46049 | E1: 46050
A2: 1 | B2: =SUM(D2:P2) | D2: 20
A3: 2 | B3: =SUM(D3:P3)
A4: 3 | B4: =SUM(D4:P4) | C4: 20 | D4: 10
A5: 4 | B5: =SUM(D5:P5)
A6: 5 | B6: =SUM(D6:P6) | D6: 10
A7: 6 | B7: =SUM(D7:P7)
A8: 7 | B8: =SUM(D8:P8) | D8: 90
A9: 8 | B9: =SUM(D9:P9) | D9: 30
A10: 9 | B10: =SUM(D10:P10)

Sheet TodoUpdated
A1: ID | B1: Tâche | C1: Statut
A2: 1 | B2: ETU3314 — Checklist sujet & vérif finale | C2: completed
A3: 2 | B3: Protéger Backoffice (login/MDP) | C3: completed
A4: 3 | B4: Bouton Réinitialiser données (Reset) | C4: completed
A5: 4 | B5: Page Import (3 CSV + ZIP images) | C5: completed
A6: 5 | B6: Validation import (colonnes/date/montants) | C6: completed
A7: 6 | B7: Page Commandes (afficher + changer état) | C7: completed
A8: 7 | B8: Boutons Livrer / Annuler (Commandes) | C8: completed
A9: 8 | B9: Page Tableau de bord (par jour + total) | C9: completed
A10: 9 | B10: Page Statistiques (Ventes HT, Achats HT, Bénéfice) | C10: completed
A11: 10 | B11: Tableau stock par catégorie (physique/réservé/dispo) | C11: completed
A12: 11 | B12: Page Gestion Stock + évolution journalière | C12: completed
A13: 12 | B13: Afficher qtés produit sur fiche produit | C13: completed
... A22: 21 | B22: Rapport commandes affectées (totaux mismatches) | C22: not-started
